date;value;year;month;day;week;startDate;endDate;weekOrder
2019-01-01 00:00:00;54.0;2019;1;1;0;-;-;0
2019-01-02 00:00:00;52.0;2019;1;2;0;-;-;0
2019-01-03 00:00:00;51.0;2019;1;3;0;-;-;0
2019-01-04 00:00:00;50.0;2019;1;4;0;-;-;0
2019-01-05 00:00:00;49.0;2019;1;5;0;-;-;0
2019-01-06 00:00:00;48.0;2019;1;6;0;-;-;0
2019-01-07 00:00:00;46.0;2019;1;7;1;2019 1 7;2019 1 13;1
2019-01-08 00:00:00;46.0;2019;1;8;1;-;-;1
2019-01-09 00:00:00;44.0;2019;1;9;1;-;-;1
2019-01-10 00:00:00;44.0;2019;1;10;1;-;-;1
2019-01-11 00:00:00;43.0;2019;1;11;1;-;-;1
2019-01-12 00:00:00;42.0;2019;1;12;1;-;-;1
2019-01-13 00:00:00;40.0;2019;1;13;1;-;-;1
2019-01-14 00:00:00;40.0;2019;1;14;2;2019 1 14;2019 1 20;2
2019-01-15 00:00:00;41.0;2019;1;15;2;-;-;2
2019-01-16 00:00:00;45.0;2019;1;16;2;-;-;2
2019-01-17 00:00:00;48.0;2019;1;17;2;-;-;2
2019-01-18 00:00:00;45.0;2019;1;18;2;-;-;2
2019-01-19 00:00:00;45.0;2019;1;19;2;-;-;2
2019-01-20 00:00:00;49.0;2019;1;20;2;-;-;2
2019-01-21 00:00:00;62.0;2019;1;21;3;2019 1 21;2019 1 27;3
2019-01-22 00:00:00;222.0;2019;1;22;3;-;-;3
2019-01-23 00:00:00;263.0;2019;1;23;3;-;-;3
2019-01-24 00:00:00;788.0;2019;1;24;3;-;-;3
2019-01-25 00:00:00;1447.0;2019;1;25;3;-;-;3
2019-01-26 00:00:00;1742.0;2019;1;26;3;-;-;3
2019-01-27 00:00:00;1116.0;2019;1;27;3;-;-;3
2019-01-28 00:00:00;642.0;2019;1;28;4;2019 1 28;2019 2 3;4
2019-01-29 00:00:00;957.0;2019;1;29;4;-;-;4
2019-01-30 00:00:00;979.0;2019;1;30;4;-;-;4
2019-01-31 00:00:00;849.0;2019;1;31;4;-;-;4
2019-02-01 00:00:00;1078.0;2019;2;1;4;-;-;4
2019-02-02 00:00:00;1315.0;2019;2;2;4;-;-;4
2019-02-03 00:00:00;1143.0;2019;2;3;4;-;-;4
2019-02-04 00:00:00;862.0;2019;2;4;5;2019 2 4;2019 2 10;1
2019-02-05 00:00:00;664.0;2019;2;5;5;-;-;1
2019-02-06 00:00:00;689.0;2019;2;6;5;-;-;1
2019-02-07 00:00:00;700.0;2019;2;7;5;-;-;1
2019-02-08 00:00:00;639.0;2019;2;8;5;-;-;1
2019-02-09 00:00:00;563.0;2019;2;9;5;-;-;1
2019-02-10 00:00:00;487.0;2019;2;10;5;-;-;1
2019-02-11 00:00:00;496.0;2019;2;11;6;2019 2 11;2019 2 17;2
2019-02-12 00:00:00;552.0;2019;2;12;6;-;-;2
2019-02-13 00:00:00;455.0;2019;2;13;6;-;-;2
2019-02-14 00:00:00;387.0;2019;2;14;6;-;-;2
2019-02-15 00:00:00;340.0;2019;2;15;6;-;-;2
2019-02-16 00:00:00;299.0;2019;2;16;6;-;-;2
2019-02-17 00:00:00;272.0;2019;2;17;6;-;-;2
2019-02-18 00:00:00;252.0;2019;2;18;7;2019 2 18;2019 2 24;3
2019-02-19 00:00:00;244.0;2019;2;19;7;-;-;3
2019-02-20 00:00:00;238.0;2019;2;20;7;-;-;3
2019-02-21 00:00:00;215.0;2019;2;21;7;-;-;3
2019-02-22 00:00:00;200.0;2019;2;22;7;-;-;3
2019-02-23 00:00:00;186.0;2019;2;23;7;-;-;3
2019-02-24 00:00:00;176.0;2019;2;24;7;-;-;3
2019-02-25 00:00:00;170.0;2019;2;25;8;2019 2 25;2019 2 31;4
2019-02-26 00:00:00;155.0;2019;2;26;8;-;-;4
2019-02-27 00:00:00;152.0;2019;2;27;8;-;-;4
2019-02-28 00:00:00;145.0;2019;2;28;8;-;-;4
2019-2-29 00:00:00;;2019;2;29;8;-;-;4
2019-2-30 00:00:00;;2019;2;30;8;-;-;4
2019-2-31 00:00:00;;2019;2;31;8;-;-;4
2019-03-01 00:00:00;141.0;2019;3;1;9;2019 3 1;2019 3 7;1
2019-03-02 00:00:00;135.0;2019;3;2;9;-;-;1
2019-03-03 00:00:00;124.0;2019;3;3;9;-;-;1
2019-03-04 00:00:00;121.0;2019;3;4;9;-;-;1
2019-03-05 00:00:00;113.0;2019;3;5;9;-;-;1
2019-03-06 00:00:00;112.0;2019;3;6;9;-;-;1
2019-03-07 00:00:00;118.0;2019;3;7;9;-;-;1
2019-03-08 00:00:00;123.0;2019;3;8;10;2019 3 8;2019 3 14;2
2019-03-09 00:00:00;122.0;2019;3;9;10;-;-;2
2019-03-10 00:00:00;123.0;2019;3;10;10;-;-;2
2019-03-11 00:00:00;116.0;2019;3;11;10;-;-;2
2019-03-12 00:00:00;116.0;2019;3;12;10;-;-;2
2019-03-13 00:00:00;115.0;2019;3;13;10;-;-;2
2019-03-14 00:00:00;110.0;2019;3;14;10;-;-;2
2019-03-15 00:00:00;128.0;2019;3;15;11;2019 3 15;2019 3 21;3
2019-03-16 00:00:00;122.0;2019;3;16;11;-;-;3
2019-03-17 00:00:00;108.0;2019;3;17;11;-;-;3
2019-03-18 00:00:00;94.0;2019;3;18;11;-;-;3
2019-03-19 00:00:00;88.0;2019;3;19;11;-;-;3
2019-03-20 00:00:00;121.0;2019;3;20;11;-;-;3
2019-03-21 00:00:00;148.0;2019;3;21;11;-;-;3
2019-03-22 00:00:00;132.0;2019;3;22;12;2019 3 22;2019 3 28;4
2019-03-23 00:00:00;121.0;2019;3;23;12;-;-;4
2019-03-24 00:00:00;105.0;2019;3;24;12;-;-;4
2019-03-25 00:00:00;88.0;2019;3;25;12;-;-;4
2019-03-26 00:00:00;82.0;2019;3;26;12;-;-;4
2019-03-27 00:00:00;72.0;2019;3;27;12;-;-;4
2019-03-28 00:00:00;70.0;2019;3;28;12;-;-;4
2019-03-29 00:00:00;65.0;2019;3;29;13;2019 3 29;2019 4 4;1
2019-03-30 00:00:00;61.0;2019;3;30;13;-;-;1
2019-03-31 00:00:00;58.0;2019;3;31;13;-;-;1
2019-04-01 00:00:00;60.0;2019;4;1;13;-;-;1
2019-04-02 00:00:00;59.0;2019;4;2;13;-;-;1
2019-04-03 00:00:00;57.0;2019;4;3;13;-;-;1
2019-04-04 00:00:00;58.0;2019;4;4;13;-;-;1
2019-04-05 00:00:00;60.0;2019;4;5;14;2019 4 5;2019 4 11;2
2019-04-06 00:00:00;64.0;2019;4;6;14;-;-;2
2019-04-07 00:00:00;70.0;2019;4;7;14;-;-;2
2019-04-08 00:00:00;77.0;2019;4;8;14;-;-;2
2019-04-09 00:00:00;70.0;2019;4;9;14;-;-;2
2019-04-10 00:00:00;79.0;2019;4;10;14;-;-;2
2019-04-11 00:00:00;78.0;2019;4;11;14;-;-;2
2019-04-12 00:00:00;96.0;2019;4;12;15;2019 4 12;2019 4 18;3
2019-04-13 00:00:00;97.0;2019;4;13;15;-;-;3
2019-04-14 00:00:00;94.0;2019;4;14;15;-;-;3
2019-04-15 00:00:00;84.0;2019;4;15;15;-;-;3
2019-04-16 00:00:00;106.0;2019;4;16;15;-;-;3
2019-04-17 00:00:00;152.0;2019;4;17;15;-;-;3
2019-04-18 00:00:00;127.0;2019;4;18;15;-;-;3
2019-04-19 00:00:00;127.0;2019;4;19;16;2019 4 19;2019 4 25;4
2019-04-20 00:00:00;194.0;2019;4;20;16;-;-;4
2019-04-21 00:00:00;193.0;2019;4;21;16;-;-;4
2019-04-22 00:00:00;158.0;2019;4;22;16;-;-;4
2019-04-23 00:00:00;131.0;2019;4;23;16;-;-;4
2019-04-24 00:00:00;119.0;2019;4;24;16;-;-;4
2019-04-25 00:00:00;122.0;2019;4;25;16;-;-;4
2019-04-26 00:00:00;276.0;2019;4;26;17;2019 4 26;2019 5 1;1
2019-04-27 00:00:00;232.0;2019;4;27;17;-;-;1
2019-04-28 00:00:00;187.0;2019;4;28;17;-;-;1
2019-04-29 00:00:00;164.0;2019;4;29;17;-;-;1
2019-04-30 00:00:00;141.0;2019;4;30;17;-;-;1
2019-4-31 00:00:00;;2019;4;31;17;-;-;1
2019-05-01 00:00:00;121.0;2019;5;1;17;-;-;1
2019-05-02 00:00:00;103.0;2019;5;2;18;2019 5 2;2019 5 8;2
2019-05-03 00:00:00;94.0;2019;5;3;18;-;-;2
2019-05-04 00:00:00;94.0;2019;5;4;18;-;-;2
2019-05-05 00:00:00;91.0;2019;5;5;18;-;-;2
2019-05-06 00:00:00;84.0;2019;5;6;18;-;-;2
2019-05-07 00:00:00;76.0;2019;5;7;18;-;-;2
2019-05-08 00:00:00;68.0;2019;5;8;18;-;-;2
2019-05-09 00:00:00;63.0;2019;5;9;19;2019 5 9;2019 5 15;3
2019-05-10 00:00:00;58.0;2019;5;10;19;-;-;3
2019-05-11 00:00:00;71.0;2019;5;11;19;-;-;3
2019-05-12 00:00:00;74.0;2019;5;12;19;-;-;3
2019-05-13 00:00:00;61.0;2019;5;13;19;-;-;3
2019-05-14 00:00:00;60.0;2019;5;14;19;-;-;3
2019-05-15 00:00:00;55.0;2019;5;15;19;-;-;3
2019-05-16 00:00:00;54.0;2019;5;16;20;2019 5 16;2019 5 22;4
2019-05-17 00:00:00;89.0;2019;5;17;20;-;-;4
2019-05-18 00:00:00;216.0;2019;5;18;20;-;-;4
2019-05-19 00:00:00;200.0;2019;5;19;20;-;-;4
2019-05-20 00:00:00;472.0;2019;5;20;20;-;-;4
2019-05-21 00:00:00;287.0;2019;5;21;20;-;-;4
2019-05-22 00:00:00;188.0;2019;5;22;20;-;-;4
2019-05-23 00:00:00;146.0;2019;5;23;21;2019 5 23;2019 5 29;1
2019-05-24 00:00:00;125.0;2019;5;24;21;-;-;1
2019-05-25 00:00:00;126.0;2019;5;25;21;-;-;1
2019-05-26 00:00:00;116.0;2019;5;26;21;-;-;1
2019-05-27 00:00:00;111.0;2019;5;27;21;-;-;1
2019-05-28 00:00:00;107.0;2019;5;28;21;-;-;1
2019-05-29 00:00:00;95.0;2019;5;29;21;-;-;1
2019-05-30 00:00:00;89.0;2019;5;30;22;2019 5 30;2019 6 5;2
2019-05-31 00:00:00;83.0;2019;5;31;22;-;-;2
2019-06-01 00:00:00;74.0;2019;6;1;22;-;-;2
2019-06-02 00:00:00;72.0;2019;6;2;22;-;-;2
2019-06-03 00:00:00;64.0;2019;6;3;22;-;-;2
2019-06-04 00:00:00;61.0;2019;6;4;22;-;-;2
2019-06-05 00:00:00;65.0;2019;6;5;22;-;-;2
2019-06-06 00:00:00;109.0;2019;6;6;23;2019 6 6;2019 6 12;3
2019-06-07 00:00:00;98.0;2019;6;7;23;-;-;3
2019-06-08 00:00:00;78.0;2019;6;8;23;-;-;3
2019-06-09 00:00:00;72.0;2019;6;9;23;-;-;3
2019-06-10 00:00:00;63.0;2019;6;10;23;-;-;3
2019-06-11 00:00:00;60.0;2019;6;11;23;-;-;3
2019-06-12 00:00:00;63.0;2019;6;12;23;-;-;3
2019-06-13 00:00:00;56.0;2019;6;13;24;2019 6 13;2019 6 19;4
2019-06-14 00:00:00;58.0;2019;6;14;24;-;-;4
2019-06-15 00:00:00;54.0;2019;6;15;24;-;-;4
2019-06-16 00:00:00;44.0;2019;6;16;24;-;-;4
2019-06-17 00:00:00;45.0;2019;6;17;24;-;-;4
2019-06-18 00:00:00;38.0;2019;6;18;24;-;-;4
2019-06-19 00:00:00;44.0;2019;6;19;24;-;-;4
2019-06-20 00:00:00;48.0;2019;6;20;25;2019 6 20;2019 6 26;1
2019-06-21 00:00:00;49.0;2019;6;21;25;-;-;1
2019-06-22 00:00:00;56.0;2019;6;22;25;-;-;1
2019-06-23 00:00:00;53.0;2019;6;23;25;-;-;1
2019-06-24 00:00:00;51.0;2019;6;24;25;-;-;1
2019-06-25 00:00:00;49.0;2019;6;25;25;-;-;1
2019-06-26 00:00:00;44.0;2019;6;26;25;-;-;1
2019-06-27 00:00:00;43.0;2019;6;27;26;2019 6 27;2019 7 2;2
2019-06-28 00:00:00;43.0;2019;6;28;26;-;-;2
2019-06-29 00:00:00;42.0;2019;6;29;26;-;-;2
2019-06-30 00:00:00;39.0;2019;6;30;26;-;-;2
2019-6-31 00:00:00;;2019;6;31;26;-;-;2
2019-07-01 00:00:00;42.0;2019;7;1;26;-;-;2
2019-07-02 00:00:00;47.0;2019;7;2;26;-;-;2
2019-07-03 00:00:00;52.0;2019;7;3;27;2019 7 3;2019 7 9;3
2019-07-04 00:00:00;50.0;2019;7;4;27;-;-;3
2019-07-05 00:00:00;52.0;2019;7;5;27;-;-;3
2019-07-06 00:00:00;51.0;2019;7;6;27;-;-;3
2019-07-07 00:00:00;53.0;2019;7;7;27;-;-;3
2019-07-08 00:00:00;64.0;2019;7;8;27;-;-;3
2019-07-09 00:00:00;191.0;2019;7;9;27;-;-;3
2019-07-10 00:00:00;118.0;2019;7;10;28;2019 7 10;2019 7 16;4
2019-07-11 00:00:00;74.0;2019;7;11;28;-;-;4
2019-07-12 00:00:00;50.0;2019;7;12;28;-;-;4
2019-07-13 00:00:00;40.0;2019;7;13;28;-;-;4
2019-07-14 00:00:00;45.0;2019;7;14;28;-;-;4
2019-07-15 00:00:00;54.0;2019;7;15;28;-;-;4
2019-07-16 00:00:00;50.0;2019;7;16;28;-;-;4
2019-07-17 00:00:00;46.0;2019;7;17;29;2019 7 17;2019 7 23;1
2019-07-18 00:00:00;43.0;2019;7;18;29;-;-;1
2019-07-19 00:00:00;37.0;2019;7;19;29;-;-;1
2019-07-20 00:00:00;34.0;2019;7;20;29;-;-;1
2019-07-21 00:00:00;37.0;2019;7;21;29;-;-;1
2019-07-22 00:00:00;47.0;2019;7;22;29;-;-;1
2019-07-23 00:00:00;50.0;2019;7;23;29;-;-;1
2019-07-24 00:00:00;47.0;2019;7;24;30;2019 7 24;2019 7 30;2
2019-07-25 00:00:00;45.0;2019;7;25;30;-;-;2
2019-07-26 00:00:00;43.0;2019;7;26;30;-;-;2
2019-07-27 00:00:00;48.0;2019;7;27;30;-;-;2
2019-07-28 00:00:00;51.0;2019;7;28;30;-;-;2
2019-07-29 00:00:00;55.0;2019;7;29;30;-;-;2
2019-07-30 00:00:00;51.0;2019;7;30;30;-;-;2
2019-07-31 00:00:00;48.0;2019;7;31;31;2019 7 31;2019 8 6;3
2019-08-01 00:00:00;45.0;2019;8;1;31;-;-;3
2019-08-02 00:00:00;49.0;2019;8;2;31;-;-;3
2019-08-03 00:00:00;54.0;2019;8;3;31;-;-;3
2019-08-04 00:00:00;51.0;2019;8;4;31;-;-;3
2019-08-05 00:00:00;49.0;2019;8;5;31;-;-;3
2019-08-06 00:00:00;44.0;2019;8;6;31;-;-;3
2019-08-07 00:00:00;42.0;2019;8;7;32;2019 8 7;2019 8 13;4
2019-08-08 00:00:00;43.0;2019;8;8;32;-;-;4
2019-08-09 00:00:00;45.0;2019;8;9;32;-;-;4
2019-08-10 00:00:00;54.0;2019;8;10;32;-;-;4
2019-08-11 00:00:00;54.0;2019;8;11;32;-;-;4
2019-08-12 00:00:00;54.0;2019;8;12;32;-;-;4
2019-08-13 00:00:00;53.0;2019;8;13;32;-;-;4
2019-08-14 00:00:00;47.0;2019;8;14;33;2019 8 14;2019 8 20;1
2019-08-15 00:00:00;46.0;2019;8;15;33;-;-;1
2019-08-16 00:00:00;45.0;2019;8;16;33;-;-;1
2019-08-17 00:00:00;43.0;2019;8;17;33;-;-;1
2019-08-18 00:00:00;43.0;2019;8;18;33;-;-;1
2019-08-19 00:00:00;43.0;2019;8;19;33;-;-;1
2019-08-20 00:00:00;45.0;2019;8;20;33;-;-;1
2019-08-21 00:00:00;45.0;2019;8;21;34;2019 8 21;2019 8 27;2
2019-08-22 00:00:00;41.0;2019;8;22;34;-;-;2
2019-08-23 00:00:00;43.0;2019;8;23;34;-;-;2
2019-08-24 00:00:00;49.0;2019;8;24;34;-;-;2
2019-08-25 00:00:00;48.0;2019;8;25;34;-;-;2
2019-08-26 00:00:00;49.0;2019;8;26;34;-;-;2
2019-08-27 00:00:00;56.0;2019;8;27;34;-;-;2
2019-08-28 00:00:00;58.0;2019;8;28;35;2019 8 28;2019 9 3;3
2019-08-29 00:00:00;56.0;2019;8;29;35;-;-;3
2019-08-30 00:00:00;47.0;2019;8;30;35;-;-;3
2019-08-31 00:00:00;44.0;2019;8;31;35;-;-;3
2019-09-01 00:00:00;44.0;2019;9;1;35;-;-;3
2019-09-02 00:00:00;45.0;2019;9;2;35;-;-;3
2019-09-03 00:00:00;44.0;2019;9;3;35;-;-;3
2019-09-04 00:00:00;45.0;2019;9;4;36;2019 9 4;2019 9 10;4
2019-09-05 00:00:00;43.0;2019;9;5;36;-;-;4
2019-09-06 00:00:00;42.0;2019;9;6;36;-;-;4
2019-09-07 00:00:00;41.0;2019;9;7;36;-;-;4
2019-09-08 00:00:00;44.0;2019;9;8;36;-;-;4
2019-09-09 00:00:00;46.0;2019;9;9;36;-;-;4
2019-09-10 00:00:00;45.0;2019;9;10;36;-;-;4
2019-09-11 00:00:00;50.0;2019;9;11;37;2019 9 11;2019 9 17;1
2019-09-12 00:00:00;57.0;2019;9;12;37;-;-;1
2019-09-13 00:00:00;66.0;2019;9;13;37;-;-;1
2019-09-14 00:00:00;56.0;2019;9;14;37;-;-;1
2019-09-15 00:00:00;47.0;2019;9;15;37;-;-;1
2019-09-16 00:00:00;64.0;2019;9;16;37;-;-;1
2019-09-17 00:00:00;67.0;2019;9;17;37;-;-;1
2019-09-18 00:00:00;64.0;2019;9;18;38;2019 9 18;2019 9 24;2
2019-09-19 00:00:00;76.0;2019;9;19;38;-;-;2
2019-09-20 00:00:00;62.0;2019;9;20;38;-;-;2
2019-09-21 00:00:00;63.0;2019;9;21;38;-;-;2
2019-09-22 00:00:00;60.0;2019;9;22;38;-;-;2
2019-09-23 00:00:00;54.0;2019;9;23;38;-;-;2
2019-09-24 00:00:00;51.0;2019;9;24;38;-;-;2
2019-09-25 00:00:00;46.0;2019;9;25;39;2019 9 25;2019 9 31;3
2019-09-26 00:00:00;42.0;2019;9;26;39;-;-;3
2019-09-27 00:00:00;41.0;2019;9;27;39;-;-;3
2019-09-28 00:00:00;37.0;2019;9;28;39;-;-;3
2019-09-29 00:00:00;37.0;2019;9;29;39;-;-;3
2019-09-30 00:00:00;37.0;2019;9;30;39;-;-;3
2019-9-31 00:00:00;;2019;9;31;39;-;-;3
2019-10-01 00:00:00;43.0;2019;10;1;40;2019 10 1;2019 10 7;4
2019-10-02 00:00:00;44.0;2019;10;2;40;-;-;4
2019-10-03 00:00:00;45.0;2019;10;3;40;-;-;4
2019-10-04 00:00:00;45.0;2019;10;4;40;-;-;4
2019-10-05 00:00:00;49.0;2019;10;5;40;-;-;4
2019-10-06 00:00:00;48.0;2019;10;6;40;-;-;4
2019-10-07 00:00:00;45.0;2019;10;7;40;-;-;4
2019-10-08 00:00:00;44.0;2019;10;8;41;2019 10 8;2019 10 14;1
2019-10-09 00:00:00;45.0;2019;10;9;41;-;-;1
2019-10-10 00:00:00;45.0;2019;10;10;41;-;-;1
2019-10-11 00:00:00;44.0;2019;10;11;41;-;-;1
2019-10-12 00:00:00;45.0;2019;10;12;41;-;-;1
2019-10-13 00:00:00;45.0;2019;10;13;41;-;-;1
2019-10-14 00:00:00;48.0;2019;10;14;41;-;-;1
2019-10-15 00:00:00;49.0;2019;10;15;42;2019 10 15;2019 10 21;2
2019-10-16 00:00:00;47.0;2019;10;16;42;-;-;2
2019-10-17 00:00:00;45.0;2019;10;17;42;-;-;2
2019-10-18 00:00:00;46.0;2019;10;18;42;-;-;2
2019-10-19 00:00:00;48.0;2019;10;19;42;-;-;2
2019-10-20 00:00:00;50.0;2019;10;20;42;-;-;2
2019-10-21 00:00:00;54.0;2019;10;21;42;-;-;2
2019-10-22 00:00:00;56.0;2019;10;22;43;2019 10 22;2019 10 28;3
2019-10-23 00:00:00;72.0;2019;10;23;43;-;-;3
2019-10-24 00:00:00;77.0;2019;10;24;43;-;-;3
2019-10-25 00:00:00;89.0;2019;10;25;43;-;-;3
2019-10-26 00:00:00;146.0;2019;10;26;43;-;-;3
2019-10-27 00:00:00;92.0;2019;10;27;43;-;-;3
2019-10-28 00:00:00;67.0;2019;10;28;43;-;-;3
2019-10-29 00:00:00;50.0;2019;10;29;44;2019 10 29;2019 11 4;4
2019-10-30 00:00:00;40.0;2019;10;30;44;-;-;4
2019-10-31 00:00:00;36.0;2019;10;31;44;-;-;4
2019-11-01 00:00:00;36.0;2019;11;1;44;-;-;4
2019-11-02 00:00:00;37.0;2019;11;2;44;-;-;4
2019-11-03 00:00:00;54.0;2019;11;3;44;-;-;4
2019-11-04 00:00:00;52.0;2019;11;4;44;-;-;4
2019-11-05 00:00:00;59.0;2019;11;5;45;2019 11 5;2019 11 11;1
2019-11-06 00:00:00;79.0;2019;11;6;45;-;-;1
2019-11-07 00:00:00;212.0;2019;11;7;45;-;-;1
2019-11-08 00:00:00;227.0;2019;11;8;45;-;-;1
2019-11-09 00:00:00;371.0;2019;11;9;45;-;-;1
2019-11-10 00:00:00;629.0;2019;11;10;45;-;-;1
2019-11-11 00:00:00;781.0;2019;11;11;45;-;-;1
2019-11-12 00:00:00;702.0;2019;11;12;46;2019 11 12;2019 11 18;2
2019-11-13 00:00:00;646.0;2019;11;13;46;-;-;2
2019-11-14 00:00:00;526.0;2019;11;14;46;-;-;2
2019-11-15 00:00:00;549.0;2019;11;15;46;-;-;2
2019-11-16 00:00:00;457.0;2019;11;16;46;-;-;2
2019-11-17 00:00:00;498.0;2019;11;17;46;-;-;2
2019-11-18 00:00:00;454.0;2019;11;18;46;-;-;2
2019-11-19 00:00:00;508.0;2019;11;19;47;2019 11 19;2019 11 25;3
2019-11-20 00:00:00;466.0;2019;11;20;47;-;-;3
2019-11-21 00:00:00;337.0;2019;11;21;47;-;-;3
2019-11-22 00:00:00;286.0;2019;11;22;47;-;-;3
2019-11-23 00:00:00;340.0;2019;11;23;47;-;-;3
2019-11-24 00:00:00;714.0;2019;11;24;47;-;-;3
2019-11-25 00:00:00;801.0;2019;11;25;47;-;-;3
2019-11-26 00:00:00;503.0;2019;11;26;48;2019 11 26;2019 12 1;4
2019-11-27 00:00:00;381.0;2019;11;27;48;-;-;4
2019-11-28 00:00:00;377.0;2019;11;28;48;-;-;4
2019-11-29 00:00:00;348.0;2019;11;29;48;-;-;4
2019-11-30 00:00:00;338.0;2019;11;30;48;-;-;4
2019-11-31 00:00:00;;2019;11;31;48;-;-;4
2019-12-01 00:00:00;442.0;2019;12;1;48;-;-;4
2019-12-02 00:00:00;520.0;2019;12;2;49;2019 12 2;2019 12 8;1
2019-12-03 00:00:00;395.0;2019;12;3;49;-;-;1
2019-12-04 00:00:00;364.0;2019;12;4;49;-;-;1
2019-12-05 00:00:00;314.0;2019;12;5;49;-;-;1
2019-12-06 00:00:00;265.0;2019;12;6;49;-;-;1
2019-12-07 00:00:00;234.0;2019;12;7;49;-;-;1
2019-12-08 00:00:00;206.0;2019;12;8;49;-;-;1
2019-12-09 00:00:00;187.0;2019;12;9;50;2019 12 9;2019 12 15;2
2019-12-10 00:00:00;192.0;2019;12;10;50;-;-;2
2019-12-11 00:00:00;210.0;2019;12;11;50;-;-;2
2019-12-12 00:00:00;208.0;2019;12;12;50;-;-;2
2019-12-13 00:00:00;585.0;2019;12;13;50;-;-;2
2019-12-14 00:00:00;1727.0;2019;12;14;50;-;-;2
2019-12-15 00:00:00;1440.0;2019;12;15;50;-;-;2
2019-12-16 00:00:00;965.0;2019;12;16;51;2019 12 16;2019 12 22;3
2019-12-17 00:00:00;808.0;2019;12;17;51;-;-;3
2019-12-18 00:00:00;568.0;2019;12;18;51;-;-;3
2019-12-19 00:00:00;450.0;2019;12;19;51;-;-;3
2019-12-20 00:00:00;412.0;2019;12;20;51;-;-;3
2019-12-21 00:00:00;905.0;2019;12;21;51;-;-;3
2019-12-22 00:00:00;1342.0;2019;12;22;51;-;-;3
2019-12-23 00:00:00;1119.0;2019;12;23;52;2019 12 23;2019 12 29;4
2019-12-24 00:00:00;811.0;2019;12;24;52;-;-;4
2019-12-25 00:00:00;573.0;2019;12;25;52;-;-;4
2019-12-26 00:00:00;468.0;2019;12;26;52;-;-;4
2019-12-27 00:00:00;382.0;2019;12;27;52;-;-;4
2019-12-28 00:00:00;323.0;2019;12;28;52;-;-;4
2019-12-29 00:00:00;287.0;2019;12;29;52;-;-;4
2019-12-30 00:00:00;263.0;2019;12;30;53;2019 12 30;2020 1 5;1
2019-12-31 00:00:00;249.0;2019;12;31;53;-;-;1
2020-01-01 00:00:00;234.0;2020;1;1;53;-;-;1
2020-01-02 00:00:00;223.0;2020;1;2;53;-;-;1
2020-01-03 00:00:00;213.0;2020;1;3;53;-;-;1
2020-01-04 00:00:00;208.0;2020;1;4;53;-;-;1
2020-01-05 00:00:00;200.0;2020;1;5;53;-;-;1
2020-01-06 00:00:00;193.0;2020;1;6;54;2020 1 6;2020 1 12;2
2020-01-07 00:00:00;189.0;2020;1;7;54;-;-;2
2020-01-08 00:00:00;182.0;2020;1;8;54;-;-;2
2020-01-09 00:00:00;170.0;2020;1;9;54;-;-;2
2020-01-10 00:00:00;163.0;2020;1;10;54;-;-;2
2020-01-11 00:00:00;161.0;2020;1;11;54;-;-;2
2020-01-12 00:00:00;171.0;2020;1;12;54;-;-;2
2020-01-13 00:00:00;164.0;2020;1;13;55;2020 1 13;2020 1 19;3
2020-01-14 00:00:00;161.0;2020;1;14;55;-;-;3
2020-01-15 00:00:00;147.0;2020;1;15;55;-;-;3
2020-01-16 00:00:00;125.0;2020;1;16;55;-;-;3
2020-01-17 00:00:00;119.0;2020;1;17;55;-;-;3
2020-01-18 00:00:00;119.0;2020;1;18;55;-;-;3
2020-01-19 00:00:00;146.0;2020;1;19;55;-;-;3
2020-01-20 00:00:00;222.0;2020;1;20;56;2020 1 20;2020 1 26;4
2020-01-21 00:00:00;212.0;2020;1;21;56;-;-;4
2020-01-22 00:00:00;187.0;2020;1;22;56;-;-;4
2020-01-23 00:00:00;175.0;2020;1;23;56;-;-;4
2020-01-24 00:00:00;187.0;2020;1;24;56;-;-;4
2020-01-25 00:00:00;186.0;2020;1;25;56;-;-;4
2020-01-26 00:00:00;166.0;2020;1;26;56;-;-;4
2020-01-27 00:00:00;181.0;2020;1;27;57;2020 1 27;2020 2 2;1
2020-01-28 00:00:00;168.0;2020;1;28;57;-;-;1
2020-01-29 00:00:00;170.0;2020;1;29;57;-;-;1
2020-01-30 00:00:00;174.0;2020;1;30;57;-;-;1
2020-01-31 00:00:00;186.0;2020;1;31;57;-;-;1
2020-02-01 00:00:00;206.0;2020;2;1;57;-;-;1
2020-02-02 00:00:00;205.0;2020;2;2;57;-;-;1
2020-02-03 00:00:00;196.0;2020;2;3;58;2020 2 3;2020 2 9;2
2020-02-04 00:00:00;193.0;2020;2;4;58;-;-;2
2020-02-05 00:00:00;186.0;2020;2;5;58;-;-;2
2020-02-06 00:00:00;175.0;2020;2;6;58;-;-;2
2020-02-07 00:00:00;171.0;2020;2;7;58;-;-;2
2020-02-08 00:00:00;168.0;2020;2;8;58;-;-;2
2020-02-09 00:00:00;160.0;2020;2;9;58;-;-;2
2020-02-10 00:00:00;148.0;2020;2;10;59;2020 2 10;2020 2 16;3
2020-02-11 00:00:00;142.0;2020;2;11;59;-;-;3
2020-02-12 00:00:00;125.0;2020;2;12;59;-;-;3
2020-02-13 00:00:00;117.0;2020;2;13;59;-;-;3
2020-02-14 00:00:00;108.0;2020;2;14;59;-;-;3
2020-02-15 00:00:00;102.0;2020;2;15;59;-;-;3
2020-02-16 00:00:00;90.0;2020;2;16;59;-;-;3
2020-02-17 00:00:00;86.0;2020;2;17;60;2020 2 17;2020 2 23;4
2020-02-18 00:00:00;85.0;2020;2;18;60;-;-;4
2020-02-19 00:00:00;85.0;2020;2;19;60;-;-;4
2020-02-20 00:00:00;86.0;2020;2;20;60;-;-;4
2020-02-21 00:00:00;88.0;2020;2;21;60;-;-;4
2020-02-22 00:00:00;77.0;2020;2;22;60;-;-;4
2020-02-23 00:00:00;74.0;2020;2;23;60;-;-;4
2020-02-24 00:00:00;67.0;2020;2;24;61;2020 2 24;2020 2 30;1
2020-02-25 00:00:00;67.0;2020;2;25;61;-;-;1
2020-02-26 00:00:00;67.0;2020;2;26;61;-;-;1
2020-02-27 00:00:00;69.0;2020;2;27;61;-;-;1
2020-02-28 00:00:00;88.0;2020;2;28;61;-;-;1
2020-02-29 00:00:00;121.0;2020;2;29;61;-;-;1
2020-2-30 00:00:00;;2020;2;30;61;-;-;1
2020-2-31 00:00:00;;2020;2;31;62;2020 2 31;2020 3 6;2
2020-03-01 00:00:00;124.0;2020;3;1;62;-;-;2
2020-03-02 00:00:00;119.0;2020;3;2;62;-;-;2
2020-03-03 00:00:00;214.0;2020;3;3;62;-;-;2
2020-03-04 00:00:00;260.0;2020;3;4;62;-;-;2
2020-03-05 00:00:00;314.0;2020;3;5;62;-;-;2
2020-03-06 00:00:00;373.0;2020;3;6;62;-;-;2
2020-03-07 00:00:00;486.0;2020;3;7;63;2020 3 7;2020 3 13;3
2020-03-08 00:00:00;577.0;2020;3;8;63;-;-;3
2020-03-09 00:00:00;513.0;2020;3;9;63;-;-;3
2020-03-10 00:00:00;435.0;2020;3;10;63;-;-;3
2020-03-11 00:00:00;345.0;2020;3;11;63;-;-;3
2020-03-12 00:00:00;284.0;2020;3;12;63;-;-;3
2020-03-13 00:00:00;273.0;2020;3;13;63;-;-;3
2020-03-14 00:00:00;293.0;2020;3;14;64;2020 3 14;2020 3 20;4
2020-03-15 00:00:00;298.0;2020;3;15;64;-;-;4
2020-03-16 00:00:00;429.0;2020;3;16;64;-;-;4
2020-03-17 00:00:00;1061.0;2020;3;17;64;-;-;4
2020-03-18 00:00:00;835.0;2020;3;18;64;-;-;4
2020-03-19 00:00:00;608.0;2020;3;19;64;-;-;4
2020-03-20 00:00:00;493.0;2020;3;20;64;-;-;4
2020-03-21 00:00:00;400.0;2020;3;21;65;2020 3 21;2020 3 27;1
2020-03-22 00:00:00;339.0;2020;3;22;65;-;-;1
2020-03-23 00:00:00;307.0;2020;3;23;65;-;-;1
2020-03-24 00:00:00;283.0;2020;3;24;65;-;-;1
2020-03-25 00:00:00;248.0;2020;3;25;65;-;-;1
2020-03-26 00:00:00;235.0;2020;3;26;65;-;-;1
2020-03-27 00:00:00;214.0;2020;3;27;65;-;-;1
2020-03-28 00:00:00;190.0;2020;3;28;66;2020 3 28;2020 4 3;2
2020-03-29 00:00:00;167.0;2020;3;29;66;-;-;2
2020-03-30 00:00:00;148.0;2020;3;30;66;-;-;2
2020-03-31 00:00:00;141.0;2020;3;31;66;-;-;2
2020-04-01 00:00:00;168.0;2020;4;1;66;-;-;2
2020-04-02 00:00:00;230.0;2020;4;2;66;-;-;2
2020-04-03 00:00:00;217.0;2020;4;3;66;-;-;2
2020-04-04 00:00:00;191.0;2020;4;4;67;2020 4 4;2020 4 10;3
2020-04-05 00:00:00;167.0;2020;4;5;67;-;-;3
2020-04-06 00:00:00;155.0;2020;4;6;67;-;-;3
2020-04-07 00:00:00;159.0;2020;4;7;67;-;-;3
2020-04-08 00:00:00;157.0;2020;4;8;67;-;-;3
2020-04-09 00:00:00;160.0;2020;4;9;67;-;-;3
2020-04-10 00:00:00;178.0;2020;4;10;67;-;-;3
2020-04-11 00:00:00;186.0;2020;4;11;68;2020 4 11;2020 4 17;4
2020-04-12 00:00:00;231.0;2020;4;12;68;-;-;4
2020-04-13 00:00:00;305.0;2020;4;13;68;-;-;4
2020-04-14 00:00:00;281.0;2020;4;14;68;-;-;4
2020-04-15 00:00:00;246.0;2020;4;15;68;-;-;4
2020-04-16 00:00:00;199.0;2020;4;16;68;-;-;4
2020-04-17 00:00:00;195.0;2020;4;17;68;-;-;4
2020-04-18 00:00:00;195.0;2020;4;18;69;2020 4 18;2020 4 24;1
2020-04-19 00:00:00;221.0;2020;4;19;69;-;-;1
2020-04-20 00:00:00;262.0;2020;4;20;69;-;-;1
2020-04-21 00:00:00;263.0;2020;4;21;69;-;-;1
2020-04-22 00:00:00;268.0;2020;4;22;69;-;-;1
2020-04-23 00:00:00;308.0;2020;4;23;69;-;-;1
2020-04-24 00:00:00;274.0;2020;4;24;69;-;-;1
2020-04-25 00:00:00;251.0;2020;4;25;70;2020 4 25;2020 4 31;2
2020-04-26 00:00:00;273.0;2020;4;26;70;-;-;2
2020-04-27 00:00:00;301.0;2020;4;27;70;-;-;2
2020-04-28 00:00:00;406.0;2020;4;28;70;-;-;2
2020-04-29 00:00:00;414.0;2020;4;29;70;-;-;2
2020-04-30 00:00:00;308.0;2020;4;30;70;-;-;2
2020-4-31 00:00:00;;2020;4;31;70;-;-;2
2020-05-01 00:00:00;247.0;2020;5;1;71;2020 5 1;2020 5 7;3
2020-05-02 00:00:00;222.0;2020;5;2;71;-;-;3
2020-05-03 00:00:00;210.0;2020;5;3;71;-;-;3
2020-05-04 00:00:00;187.0;2020;5;4;71;-;-;3
2020-05-05 00:00:00;167.0;2020;5;5;71;-;-;3
2020-05-06 00:00:00;146.0;2020;5;6;71;-;-;3
2020-05-07 00:00:00;128.0;2020;5;7;71;-;-;3
2020-05-08 00:00:00;120.0;2020;5;8;72;2020 5 8;2020 5 14;4
2020-05-09 00:00:00;114.0;2020;5;9;72;-;-;4
2020-05-10 00:00:00;133.0;2020;5;10;72;-;-;4
2020-05-11 00:00:00;244.0;2020;5;11;72;-;-;4
2020-05-12 00:00:00;231.0;2020;5;12;72;-;-;4
2020-05-13 00:00:00;218.0;2020;5;13;72;-;-;4
2020-05-14 00:00:00;286.0;2020;5;14;72;-;-;4
2020-05-15 00:00:00;217.0;2020;5;15;73;2020 5 15;2020 5 21;1
2020-05-16 00:00:00;186.0;2020;5;16;73;-;-;1
2020-05-17 00:00:00;186.0;2020;5;17;73;-;-;1
2020-05-18 00:00:00;170.0;2020;5;18;73;-;-;1
2020-05-19 00:00:00;152.0;2020;5;19;73;-;-;1
2020-05-20 00:00:00;120.0;2020;5;20;73;-;-;1
2020-05-21 00:00:00;108.0;2020;5;21;73;-;-;1
2020-05-22 00:00:00;94.0;2020;5;22;74;2020 5 22;2020 5 28;2
2020-05-23 00:00:00;84.0;2020;5;23;74;-;-;2
2020-05-24 00:00:00;80.0;2020;5;24;74;-;-;2
2020-05-25 00:00:00;69.0;2020;5;25;74;-;-;2
2020-05-26 00:00:00;73.0;2020;5;26;74;-;-;2
2020-05-27 00:00:00;66.0;2020;5;27;74;-;-;2
2020-05-28 00:00:00;65.0;2020;5;28;74;-;-;2
2020-05-29 00:00:00;59.0;2020;5;29;75;2020 5 29;2020 6 4;3
2020-05-30 00:00:00;64.0;2020;5;30;75;-;-;3
2020-05-31 00:00:00;55.0;2020;5;31;75;-;-;3
2020-06-01 00:00:00;60.0;2020;6;1;75;-;-;3
2020-06-02 00:00:00;62.0;2020;6;2;75;-;-;3
2020-06-03 00:00:00;65.0;2020;6;3;75;-;-;3
2020-06-04 00:00:00;114.0;2020;6;4;75;-;-;3
2020-06-05 00:00:00;94.0;2020;6;5;76;2020 6 5;2020 6 11;4
2020-06-06 00:00:00;80.0;2020;6;6;76;-;-;4
2020-06-07 00:00:00;102.0;2020;6;7;76;-;-;4
2020-06-08 00:00:00;93.0;2020;6;8;76;-;-;4
2020-06-09 00:00:00;86.0;2020;6;9;76;-;-;4
2020-06-10 00:00:00;84.0;2020;6;10;76;-;-;4
2020-06-11 00:00:00;80.0;2020;6;11;76;-;-;4
2020-06-12 00:00:00;77.0;2020;6;12;77;2020 6 12;2020 6 18;1
2020-06-13 00:00:00;106.0;2020;6;13;77;-;-;1
2020-06-14 00:00:00;89.0;2020;6;14;77;-;-;1
2020-06-15 00:00:00;76.0;2020;6;15;77;-;-;1
2020-06-16 00:00:00;68.0;2020;6;16;77;-;-;1
2020-06-17 00:00:00;76.0;2020;6;17;77;-;-;1
2020-06-18 00:00:00;72.0;2020;6;18;77;-;-;1
2020-06-19 00:00:00;63.0;2020;6;19;78;2020 6 19;2020 6 25;2
2020-06-20 00:00:00;60.0;2020;6;20;78;-;-;2
2020-06-21 00:00:00;51.0;2020;6;21;78;-;-;2
2020-06-22 00:00:00;43.0;2020;6;22;78;-;-;2
2020-06-23 00:00:00;40.0;2020;6;23;78;-;-;2
2020-06-24 00:00:00;46.0;2020;6;24;78;-;-;2
2020-06-25 00:00:00;61.0;2020;6;25;78;-;-;2
2020-06-26 00:00:00;70.0;2020;6;26;79;2020 6 26;2020 7 1;3
2020-06-27 00:00:00;78.0;2020;6;27;79;-;-;3
2020-06-28 00:00:00;69.0;2020;6;28;79;-;-;3
2020-06-29 00:00:00;66.0;2020;6;29;79;-;-;3
2020-06-30 00:00:00;60.0;2020;6;30;79;-;-;3
2020-6-31 00:00:00;;2020;6;31;79;-;-;3
2020-07-01 00:00:00;56.0;2020;7;1;79;-;-;3
2020-07-02 00:00:00;56.0;2020;7;2;80;2020 7 2;2020 7 8;4
2020-07-03 00:00:00;52.0;2020;7;3;80;-;-;4
2020-07-04 00:00:00;50.0;2020;7;4;80;-;-;4
2020-07-05 00:00:00;51.0;2020;7;5;80;-;-;4
2020-07-06 00:00:00;47.0;2020;7;6;80;-;-;4
2020-07-07 00:00:00;43.0;2020;7;7;80;-;-;4
2020-07-08 00:00:00;45.0;2020;7;8;80;-;-;4
2020-07-09 00:00:00;47.0;2020;7;9;81;2020 7 9;2020 7 15;1
2020-07-10 00:00:00;50.0;2020;7;10;81;-;-;1
2020-07-11 00:00:00;55.0;2020;7;11;81;-;-;1
2020-07-12 00:00:00;58.0;2020;7;12;81;-;-;1
2020-07-13 00:00:00;61.0;2020;7;13;81;-;-;1
2020-07-14 00:00:00;59.0;2020;7;14;81;-;-;1
2020-07-15 00:00:00;55.0;2020;7;15;81;-;-;1
2020-07-16 00:00:00;52.0;2020;7;16;82;2020 7 16;2020 7 22;2
2020-07-17 00:00:00;50.0;2020;7;17;82;-;-;2
2020-07-18 00:00:00;45.0;2020;7;18;82;-;-;2
2020-07-19 00:00:00;50.0;2020;7;19;82;-;-;2
2020-07-20 00:00:00;58.0;2020;7;20;82;-;-;2
2020-07-21 00:00:00;53.0;2020;7;21;82;-;-;2
2020-07-22 00:00:00;48.0;2020;7;22;82;-;-;2
2020-07-23 00:00:00;38.0;2020;7;23;83;2020 7 23;2020 7 29;3
2020-07-24 00:00:00;37.0;2020;7;24;83;-;-;3
2020-07-25 00:00:00;39.0;2020;7;25;83;-;-;3
2020-07-26 00:00:00;50.0;2020;7;26;83;-;-;3
2020-07-27 00:00:00;49.0;2020;7;27;83;-;-;3
2020-07-28 00:00:00;50.0;2020;7;28;83;-;-;3
2020-07-29 00:00:00;46.0;2020;7;29;83;-;-;3
2020-07-30 00:00:00;45.0;2020;7;30;84;2020 7 30;2020 8 5;4
2020-07-31 00:00:00;46.0;2020;7;31;84;-;-;4
2020-08-01 00:00:00;50.0;2020;8;1;84;-;-;4
2020-08-02 00:00:00;50.0;2020;8;2;84;-;-;4
2020-08-03 00:00:00;50.0;2020;8;3;84;-;-;4
2020-08-04 00:00:00;48.0;2020;8;4;84;-;-;4
2020-08-05 00:00:00;44.0;2020;8;5;84;-;-;4
2020-08-06 00:00:00;43.0;2020;8;6;85;2020 8 6;2020 8 12;1
2020-08-07 00:00:00;46.0;2020;8;7;85;-;-;1
2020-08-08 00:00:00;53.0;2020;8;8;85;-;-;1
2020-08-09 00:00:00;59.0;2020;8;9;85;-;-;1
2020-08-10 00:00:00;64.0;2020;8;10;85;-;-;1
2020-08-11 00:00:00;60.0;2020;8;11;85;-;-;1
2020-08-12 00:00:00;62.0;2020;8;12;85;-;-;1
2020-08-13 00:00:00;68.0;2020;8;13;86;2020 8 13;2020 8 19;2
2020-08-14 00:00:00;67.0;2020;8;14;86;-;-;2
2020-08-15 00:00:00;56.0;2020;8;15;86;-;-;2
2020-08-16 00:00:00;59.0;2020;8;16;86;-;-;2
2020-08-17 00:00:00;53.0;2020;8;17;86;-;-;2
2020-08-18 00:00:00;55.0;2020;8;18;86;-;-;2
2020-08-19 00:00:00;67.0;2020;8;19;86;-;-;2
2020-08-20 00:00:00;63.0;2020;8;20;87;2020 8 20;2020 8 26;3
2020-08-21 00:00:00;55.0;2020;8;21;87;-;-;3
2020-08-22 00:00:00;53.0;2020;8;22;87;-;-;3
2020-08-23 00:00:00;51.0;2020;8;23;87;-;-;3
2020-08-24 00:00:00;48.0;2020;8;24;87;-;-;3
2020-08-25 00:00:00;46.0;2020;8;25;87;-;-;3
2020-08-26 00:00:00;42.0;2020;8;26;87;-;-;3
2020-08-27 00:00:00;40.0;2020;8;27;88;2020 8 27;2020 9 2;4
2020-08-28 00:00:00;40.0;2020;8;28;88;-;-;4
2020-08-29 00:00:00;40.0;2020;8;29;88;-;-;4
2020-08-30 00:00:00;43.0;2020;8;30;88;-;-;4
2020-08-31 00:00:00;45.0;2020;8;31;88;-;-;4
2020-09-01 00:00:00;45.0;2020;9;1;88;-;-;4
2020-09-02 00:00:00;45.0;2020;9;2;88;-;-;4
2020-09-03 00:00:00;45.0;2020;9;3;89;2020 9 3;2020 9 9;1
2020-09-04 00:00:00;46.0;2020;9;4;89;-;-;1
2020-09-05 00:00:00;44.0;2020;9;5;89;-;-;1
2020-09-06 00:00:00;43.0;2020;9;6;89;-;-;1
2020-09-07 00:00:00;44.0;2020;9;7;89;-;-;1
2020-09-08 00:00:00;42.0;2020;9;8;89;-;-;1
2020-09-09 00:00:00;41.0;2020;9;9;89;-;-;1
2020-09-10 00:00:00;45.0;2020;9;10;90;2020 9 10;2020 9 16;2
2020-09-11 00:00:00;41.0;2020;9;11;90;-;-;2
2020-09-12 00:00:00;43.0;2020;9;12;90;-;-;2
2020-09-13 00:00:00;44.0;2020;9;13;90;-;-;2
2020-09-14 00:00:00;43.0;2020;9;14;90;-;-;2
2020-09-15 00:00:00;43.0;2020;9;15;90;-;-;2
2020-09-16 00:00:00;45.0;2020;9;16;90;-;-;2
2020-09-17 00:00:00;46.0;2020;9;17;91;2020 9 17;2020 9 23;3
2020-09-18 00:00:00;48.0;2020;9;18;91;-;-;3
2020-09-19 00:00:00;50.0;2020;9;19;91;-;-;3
2020-09-20 00:00:00;52.0;2020;9;20;91;-;-;3
2020-09-21 00:00:00;57.0;2020;9;21;91;-;-;3
2020-09-22 00:00:00;51.0;2020;9;22;91;-;-;3
2020-09-23 00:00:00;46.0;2020;9;23;91;-;-;3
2020-09-24 00:00:00;42.0;2020;9;24;92;2020 9 24;2020 9 30;4
2020-09-25 00:00:00;41.0;2020;9;25;92;-;-;4
2020-09-26 00:00:00;46.0;2020;9;26;92;-;-;4
2020-09-27 00:00:00;63.0;2020;9;27;92;-;-;4
2020-09-28 00:00:00;102.0;2020;9;28;92;-;-;4
2020-09-29 00:00:00;104.0;2020;9;29;92;-;-;4
2020-09-30 00:00:00;73.0;2020;9;30;92;-;-;4
2020-9-31 00:00:00;;2020;9;31;93;2020 9 31;2020 10 6;1
2020-10-01 00:00:00;54.0;2020;10;1;93;-;-;1
2020-10-02 00:00:00;48.0;2020;10;2;93;-;-;1
2020-10-03 00:00:00;68.0;2020;10;3;93;-;-;1
2020-10-04 00:00:00;150.0;2020;10;4;93;-;-;1
2020-10-05 00:00:00;181.0;2020;10;5;93;-;-;1
2020-10-06 00:00:00;116.0;2020;10;6;93;-;-;1
2020-10-07 00:00:00;91.0;2020;10;7;94;2020 10 7;2020 10 13;2
2020-10-08 00:00:00;76.0;2020;10;8;94;-;-;2
2020-10-09 00:00:00;65.0;2020;10;9;94;-;-;2
2020-10-10 00:00:00;56.0;2020;10;10;94;-;-;2
2020-10-11 00:00:00;47.0;2020;10;11;94;-;-;2
2020-10-12 00:00:00;47.0;2020;10;12;94;-;-;2
2020-10-13 00:00:00;104.0;2020;10;13;94;-;-;2
2020-10-14 00:00:00;121.0;2020;10;14;95;2020 10 14;2020 10 20;3
2020-10-15 00:00:00;223.0;2020;10;15;95;-;-;3
2020-10-16 00:00:00;311.0;2020;10;16;95;-;-;3
2020-10-17 00:00:00;234.0;2020;10;17;95;-;-;3
2020-10-18 00:00:00;153.0;2020;10;18;95;-;-;3
2020-10-19 00:00:00;113.0;2020;10;19;95;-;-;3
2020-10-20 00:00:00;88.0;2020;10;20;95;-;-;3
2020-10-21 00:00:00;79.0;2020;10;21;96;2020 10 21;2020 10 27;4
2020-10-22 00:00:00;86.0;2020;10;22;96;-;-;4
2020-10-23 00:00:00;140.0;2020;10;23;96;-;-;4
2020-10-24 00:00:00;150.0;2020;10;24;96;-;-;4
2020-10-25 00:00:00;121.0;2020;10;25;96;-;-;4
2020-10-26 00:00:00;113.0;2020;10;26;96;-;-;4
2020-10-27 00:00:00;157.0;2020;10;27;96;-;-;4
2020-10-28 00:00:00;142.0;2020;10;28;97;2020 10 28;2020 11 3;1
2020-10-29 00:00:00;118.0;2020;10;29;97;-;-;1
2020-10-30 00:00:00;90.0;2020;10;30;97;-;-;1
2020-10-31 00:00:00;77.0;2020;10;31;97;-;-;1
2020-11-01 00:00:00;73.0;2020;11;1;97;-;-;1
2020-11-02 00:00:00;67.0;2020;11;2;97;-;-;1
2020-11-03 00:00:00;65.0;2020;11;3;97;-;-;1
2020-11-04 00:00:00;59.0;2020;11;4;98;2020 11 4;2020 11 10;2
2020-11-05 00:00:00;61.0;2020;11;5;98;-;-;2
2020-11-06 00:00:00;68.0;2020;11;6;98;-;-;2
2020-11-07 00:00:00;66.0;2020;11;7;98;-;-;2
2020-11-08 00:00:00;99.0;2020;11;8;98;-;-;2
2020-11-09 00:00:00;140.0;2020;11;9;98;-;-;2
2020-11-10 00:00:00;103.0;2020;11;10;98;-;-;2
2020-11-11 00:00:00;85.0;2020;11;11;99;2020 11 11;2020 11 17;3
2020-11-12 00:00:00;73.0;2020;11;12;99;-;-;3
2020-11-13 00:00:00;67.0;2020;11;13;99;-;-;3
2020-11-14 00:00:00;69.0;2020;11;14;99;-;-;3
2020-11-15 00:00:00;65.0;2020;11;15;99;-;-;3
2020-11-16 00:00:00;61.0;2020;11;16;99;-;-;3
2020-11-17 00:00:00;64.0;2020;11;17;99;-;-;3
2020-11-18 00:00:00;67.0;2020;11;18;100;2020 11 18;2020 11 24;4
2020-11-19 00:00:00;61.0;2020;11;19;100;-;-;4
2020-11-20 00:00:00;58.0;2020;11;20;100;-;-;4
2020-11-21 00:00:00;56.0;2020;11;21;100;-;-;4
2020-11-22 00:00:00;56.0;2020;11;22;100;-;-;4
2020-11-23 00:00:00;56.0;2020;11;23;100;-;-;4
2020-11-24 00:00:00;58.0;2020;11;24;100;-;-;4
2020-11-25 00:00:00;56.0;2020;11;25;101;2020 11 25;2020 11 31;1
2020-11-26 00:00:00;53.0;2020;11;26;101;-;-;1
2020-11-27 00:00:00;52.0;2020;11;27;101;-;-;1
2020-11-28 00:00:00;50.0;2020;11;28;101;-;-;1
2020-11-29 00:00:00;48.0;2020;11;29;101;-;-;1
2020-11-30 00:00:00;46.0;2020;11;30;101;-;-;1
2020-11-31 00:00:00;;2020;11;31;101;-;-;1
2020-12-01 00:00:00;45.0;2020;12;1;102;2020 12 1;2020 12 7;2
2020-12-02 00:00:00;44.0;2020;12;2;102;-;-;2
2020-12-03 00:00:00;44.0;2020;12;3;102;-;-;2
2020-12-04 00:00:00;50.0;2020;12;4;102;-;-;2
2020-12-05 00:00:00;58.0;2020;12;5;102;-;-;2
2020-12-06 00:00:00;64.0;2020;12;6;102;-;-;2
2020-12-07 00:00:00;132.0;2020;12;7;102;-;-;2
2020-12-08 00:00:00;351.0;2020;12;8;103;2020 12 8;2020 12 14;3
2020-12-09 00:00:00;563.0;2020;12;9;103;-;-;3
2020-12-10 00:00:00;587.0;2020;12;10;103;-;-;3
2020-12-11 00:00:00;747.0;2020;12;11;103;-;-;3
2020-12-12 00:00:00;1190.0;2020;12;12;103;-;-;3
2020-12-13 00:00:00;1161.0;2020;12;13;103;-;-;3
2020-12-14 00:00:00;689.0;2020;12;14;103;-;-;3
2020-12-15 00:00:00;485.0;2020;12;15;104;2020 12 15;2020 12 21;4
2020-12-16 00:00:00;439.0;2020;12;16;104;-;-;4
2020-12-17 00:00:00;337.0;2020;12;17;104;-;-;4
2020-12-18 00:00:00;280.0;2020;12;18;104;-;-;4
2020-12-19 00:00:00;246.0;2020;12;19;104;-;-;4
2020-12-20 00:00:00;218.0;2020;12;20;104;-;-;4
2020-12-21 00:00:00;202.0;2020;12;21;104;-;-;4
2020-12-22 00:00:00;190.0;2020;12;22;105;2020 12 22;2020 12 28;1
2020-12-23 00:00:00;188.0;2020;12;23;105;-;-;1
2020-12-24 00:00:00;175.0;2020;12;24;105;-;-;1
2020-12-25 00:00:00;161.0;2020;12;25;105;-;-;1
2020-12-26 00:00:00;190.0;2020;12;26;105;-;-;1
2020-12-27 00:00:00;196.0;2020;12;27;105;-;-;1
2020-12-28 00:00:00;203.0;2020;12;28;105;-;-;1
2020-12-29 00:00:00;272.0;2020;12;29;106;2020 12 29;2021 1 4;2
2020-12-30 00:00:00;321.0;2020;12;30;106;-;-;2
2020-12-31 00:00:00;341.0;2020;12;31;106;-;-;2
2021-01-01 00:00:00;333.0;2021;1;1;106;-;-;2
2021-01-02 00:00:00;314.0;2021;1;2;106;-;-;2
2021-01-03 00:00:00;299.0;2021;1;3;106;-;-;2
2021-01-04 00:00:00;270.0;2021;1;4;106;-;-;2
2021-01-05 00:00:00;265.0;2021;1;5;107;2021 1 5;2021 1 11;3
2021-01-06 00:00:00;255.0;2021;1;6;107;-;-;3
2021-01-07 00:00:00;237.0;2021;1;7;107;-;-;3
2021-01-08 00:00:00;220.0;2021;1;8;107;-;-;3
2021-01-09 00:00:00;217.0;2021;1;9;107;-;-;3
2021-01-10 00:00:00;203.0;2021;1;10;107;-;-;3
2021-01-11 00:00:00;190.0;2021;1;11;107;-;-;3
2021-01-12 00:00:00;183.0;2021;1;12;108;2021 1 12;2021 1 18;4
2021-01-13 00:00:00;183.0;2021;1;13;108;-;-;4
2021-01-14 00:00:00;203.0;2021;1;14;108;-;-;4
2021-01-15 00:00:00;246.0;2021;1;15;108;-;-;4
2021-01-16 00:00:00;329.0;2021;1;16;108;-;-;4
2021-01-17 00:00:00;363.0;2021;1;17;108;-;-;4
2021-01-18 00:00:00;330.0;2021;1;18;108;-;-;4
2021-01-19 00:00:00;350.0;2021;1;19;109;2021 1 19;2021 1 25;1
2021-01-20 00:00:00;335.0;2021;1;20;109;-;-;1
2021-01-21 00:00:00;326.0;2021;1;21;109;-;-;1
2021-01-22 00:00:00;390.0;2021;1;22;109;-;-;1
2021-01-23 00:00:00;541.0;2021;1;23;109;-;-;1
2021-01-24 00:00:00;498.0;2021;1;24;109;-;-;1
2021-01-25 00:00:00;578.0;2021;1;25;109;-;-;1
2021-01-26 00:00:00;643.0;2021;1;26;110;2021 1 26;2021 2 1;2
2021-01-27 00:00:00;631.0;2021;1;27;110;-;-;2
2021-01-28 00:00:00;658.0;2021;1;28;110;-;-;2
2021-01-29 00:00:00;656.0;2021;1;29;110;-;-;2
2021-01-30 00:00:00;570.0;2021;1;30;110;-;-;2
2021-01-31 00:00:00;523.0;2021;1;31;110;-;-;2
2021-02-01 00:00:00;588.0;2021;2;1;110;-;-;2
2021-02-02 00:00:00;531.0;2021;2;2;111;2021 2 2;2021 2 8;3
2021-02-03 00:00:00;458.0;2021;2;3;111;-;-;3
2021-02-04 00:00:00;416.0;2021;2;4;111;-;-;3
2021-02-05 00:00:00;409.0;2021;2;5;111;-;-;3
2021-02-06 00:00:00;392.0;2021;2;6;111;-;-;3
2021-02-07 00:00:00;469.0;2021;2;7;111;-;-;3
2021-02-08 00:00:00;585.0;2021;2;8;111;-;-;3
2021-02-09 00:00:00;474.0;2021;2;9;112;2021 2 9;2021 2 15;4
2021-02-10 00:00:00;457.0;2021;2;10;112;-;-;4
2021-02-11 00:00:00;523.0;2021;2;11;112;-;-;4
2021-02-12 00:00:00;484.0;2021;2;12;112;-;-;4
2021-02-13 00:00:00;528.0;2021;2;13;112;-;-;4
2021-02-14 00:00:00;568.0;2021;2;14;112;-;-;4
2021-02-15 00:00:00;448.0;2021;2;15;112;-;-;4
2021-02-16 00:00:00;392.0;2021;2;16;113;2021 2 16;2021 2 22;1
2021-02-17 00:00:00;354.0;2021;2;17;113;-;-;1
2021-02-18 00:00:00;330.0;2021;2;18;113;-;-;1
2021-02-19 00:00:00;307.0;2021;2;19;113;-;-;1
2021-02-20 00:00:00;288.0;2021;2;20;113;-;-;1
2021-02-21 00:00:00;262.0;2021;2;21;113;-;-;1
2021-02-22 00:00:00;276.0;2021;2;22;113;-;-;1
2021-02-23 00:00:00;670.0;2021;2;23;114;2021 2 23;2021 2 29;2
2021-02-24 00:00:00;588.0;2021;2;24;114;-;-;2
2021-02-25 00:00:00;426.0;2021;2;25;114;-;-;2
2021-02-26 00:00:00;358.0;2021;2;26;114;-;-;2
2021-02-27 00:00:00;322.0;2021;2;27;114;-;-;2
2021-02-28 00:00:00;278.0;2021;2;28;114;-;-;2
2021-2-29 00:00:00;;2021;2;29;114;-;-;2
2021-2-30 00:00:00;;2021;2;30;115;2021 2 30;2021 3 5;3
2021-2-31 00:00:00;;2021;2;31;115;-;-;3
2021-03-01 00:00:00;259.0;2021;3;1;115;-;-;3
2021-03-02 00:00:00;279.0;2021;3;2;115;-;-;3
2021-03-03 00:00:00;261.0;2021;3;3;115;-;-;3
2021-03-04 00:00:00;248.0;2021;3;4;115;-;-;3
2021-03-05 00:00:00;235.0;2021;3;5;115;-;-;3
2021-03-06 00:00:00;214.0;2021;3;6;116;2021 3 6;2021 3 12;4
2021-03-07 00:00:00;201.0;2021;3;7;116;-;-;4
2021-03-08 00:00:00;203.0;2021;3;8;116;-;-;4
2021-03-09 00:00:00;188.0;2021;3;9;116;-;-;4
2021-03-10 00:00:00;169.0;2021;3;10;116;-;-;4
2021-03-11 00:00:00;164.0;2021;3;11;116;-;-;4
2021-03-12 00:00:00;149.0;2021;3;12;116;-;-;4
2021-03-13 00:00:00;141.0;2021;3;13;117;2021 3 13;2021 3 19;1
2021-03-14 00:00:00;127.0;2021;3;14;117;-;-;1
2021-03-15 00:00:00;120.0;2021;3;15;117;-;-;1
2021-03-16 00:00:00;138.0;2021;3;16;117;-;-;1
2021-03-17 00:00:00;127.0;2021;3;17;117;-;-;1
2021-03-18 00:00:00;118.0;2021;3;18;117;-;-;1
2021-03-19 00:00:00;123.0;2021;3;19;117;-;-;1
2021-03-20 00:00:00;174.0;2021;3;20;118;2021 3 20;2021 3 26;2
2021-03-21 00:00:00;270.0;2021;3;21;118;-;-;2
2021-03-22 00:00:00;198.0;2021;3;22;118;-;-;2
2021-03-23 00:00:00;183.0;2021;3;23;118;-;-;2
2021-03-24 00:00:00;172.0;2021;3;24;118;-;-;2
2021-03-25 00:00:00;154.0;2021;3;25;118;-;-;2
2021-03-26 00:00:00;148.0;2021;3;26;118;-;-;2
2021-03-27 00:00:00;135.0;2021;3;27;119;2021 3 27;2021 4 2;3
2021-03-28 00:00:00;106.0;2021;3;28;119;-;-;3
2021-03-29 00:00:00;97.0;2021;3;29;119;-;-;3
2021-03-30 00:00:00;92.0;2021;3;30;119;-;-;3
2021-03-31 00:00:00;91.0;2021;3;31;119;-;-;3
2021-04-01 00:00:00;88.0;2021;4;1;119;-;-;3
2021-04-02 00:00:00;81.0;2021;4;2;119;-;-;3
2021-04-03 00:00:00;79.0;2021;4;3;120;2021 4 3;2021 4 9;4
2021-04-04 00:00:00;76.0;2021;4;4;120;-;-;4
2021-04-05 00:00:00;79.0;2021;4;5;120;-;-;4
2021-04-06 00:00:00;74.0;2021;4;6;120;-;-;4
2021-04-07 00:00:00;71.0;2021;4;7;120;-;-;4
2021-04-08 00:00:00;67.0;2021;4;8;120;-;-;4
2021-04-09 00:00:00;67.0;2021;4;9;120;-;-;4
2021-04-10 00:00:00;68.0;2021;4;10;121;2021 4 10;2021 4 16;1
2021-04-11 00:00:00;70.0;2021;4;11;121;-;-;1
2021-04-12 00:00:00;79.0;2021;4;12;121;-;-;1
2021-04-13 00:00:00;88.0;2021;4;13;121;-;-;1
2021-04-14 00:00:00;81.0;2021;4;14;121;-;-;1
2021-04-15 00:00:00;76.0;2021;4;15;121;-;-;1
2021-04-16 00:00:00;69.0;2021;4;16;121;-;-;1
2021-04-17 00:00:00;60.0;2021;4;17;122;2021 4 17;2021 4 23;2
2021-04-18 00:00:00;60.0;2021;4;18;122;-;-;2
2021-04-19 00:00:00;60.0;2021;4;19;122;-;-;2
2021-04-20 00:00:00;52.0;2021;4;20;122;-;-;2
2021-04-21 00:00:00;57.0;2021;4;21;122;-;-;2
2021-04-22 00:00:00;59.0;2021;4;22;122;-;-;2
2021-04-23 00:00:00;60.0;2021;4;23;122;-;-;2
2021-04-24 00:00:00;58.0;2021;4;24;123;2021 4 24;2021 4 30;3
2021-04-25 00:00:00;60.0;2021;4;25;123;-;-;3
2021-04-26 00:00:00;58.0;2021;4;26;123;-;-;3
2021-04-27 00:00:00;62.0;2021;4;27;123;-;-;3
2021-04-28 00:00:00;78.0;2021;4;28;123;-;-;3
2021-04-29 00:00:00;79.0;2021;4;29;123;-;-;3
2021-04-30 00:00:00;75.0;2021;4;30;123;-;-;3
2021-4-31 00:00:00;;2021;4;31;124;2021 4 31;2021 5 6;4
2021-05-01 00:00:00;79.0;2021;5;1;124;-;-;4
2021-05-02 00:00:00;80.0;2021;5;2;124;-;-;4
2021-05-03 00:00:00;79.0;2021;5;3;124;-;-;4
2021-05-04 00:00:00;75.0;2021;5;4;124;-;-;4
2021-05-05 00:00:00;68.0;2021;5;5;124;-;-;4
2021-05-06 00:00:00;63.0;2021;5;6;124;-;-;4
2021-05-07 00:00:00;60.0;2021;5;7;125;2021 5 7;2021 5 13;1
2021-05-08 00:00:00;57.0;2021;5;8;125;-;-;1
2021-05-09 00:00:00;57.0;2021;5;9;125;-;-;1
2021-05-10 00:00:00;58.0;2021;5;10;125;-;-;1
2021-05-11 00:00:00;58.0;2021;5;11;125;-;-;1
2021-05-12 00:00:00;54.0;2021;5;12;125;-;-;1
2021-05-13 00:00:00;54.0;2021;5;13;125;-;-;1
2021-05-14 00:00:00;60.0;2021;5;14;126;2021 5 14;2021 5 20;2
2021-05-15 00:00:00;66.0;2021;5;15;126;-;-;2
2021-05-16 00:00:00;75.0;2021;5;16;126;-;-;2
2021-05-17 00:00:00;70.0;2021;5;17;126;-;-;2
2021-05-18 00:00:00;66.0;2021;5;18;126;-;-;2
2021-05-19 00:00:00;60.0;2021;5;19;126;-;-;2
2021-05-20 00:00:00;51.0;2021;5;20;126;-;-;2
2021-05-21 00:00:00;45.0;2021;5;21;127;2021 5 21;2021 5 27;3
2021-05-22 00:00:00;43.0;2021;5;22;127;-;-;3
2021-05-23 00:00:00;46.0;2021;5;23;127;-;-;3
2021-05-24 00:00:00;41.0;2021;5;24;127;-;-;3
2021-05-25 00:00:00;40.0;2021;5;25;127;-;-;3
2021-05-26 00:00:00;38.0;2021;5;26;127;-;-;3
2021-05-27 00:00:00;47.0;2021;5;27;127;-;-;3
2021-05-28 00:00:00;54.0;2021;5;28;128;2021 5 28;2021 6 3;4
2021-05-29 00:00:00;51.0;2021;5;29;128;-;-;4
2021-05-30 00:00:00;53.0;2021;5;30;128;-;-;4
2021-05-31 00:00:00;54.0;2021;5;31;128;-;-;4
2021-06-01 00:00:00;63.0;2021;6;1;128;-;-;4
2021-06-02 00:00:00;79.0;2021;6;2;128;-;-;4
2021-06-03 00:00:00;71.0;2021;6;3;128;-;-;4
2021-06-04 00:00:00;90.0;2021;6;4;129;2021 6 4;2021 6 10;1
2021-06-05 00:00:00;158.0;2021;6;5;129;-;-;1
2021-06-06 00:00:00;110.0;2021;6;6;129;-;-;1
2021-06-07 00:00:00;78.0;2021;6;7;129;-;-;1
2021-06-08 00:00:00;62.0;2021;6;8;129;-;-;1
2021-06-09 00:00:00;50.0;2021;6;9;129;-;-;1
2021-06-10 00:00:00;46.0;2021;6;10;129;-;-;1
2021-06-11 00:00:00;48.0;2021;6;11;130;2021 6 11;2021 6 17;2
2021-06-12 00:00:00;47.0;2021;6;12;130;-;-;2
2021-06-13 00:00:00;44.0;2021;6;13;130;-;-;2
2021-06-14 00:00:00;45.0;2021;6;14;130;-;-;2
2021-06-15 00:00:00;66.0;2021;6;15;130;-;-;2
2021-06-16 00:00:00;56.0;2021;6;16;130;-;-;2
2021-06-17 00:00:00;94.0;2021;6;17;130;-;-;2
2021-06-18 00:00:00;168.0;2021;6;18;131;2021 6 18;2021 6 24;3
2021-06-19 00:00:00;142.0;2021;6;19;131;-;-;3
2021-06-20 00:00:00;136.0;2021;6;20;131;-;-;3
2021-06-21 00:00:00;134.0;2021;6;21;131;-;-;3
2021-06-22 00:00:00;93.0;2021;6;22;131;-;-;3
2021-06-23 00:00:00;74.0;2021;6;23;131;-;-;3
2021-06-24 00:00:00;73.0;2021;6;24;131;-;-;3
2021-06-25 00:00:00;83.0;2021;6;25;132;2021 6 25;2021 6 31;4
2021-06-26 00:00:00;64.0;2021;6;26;132;-;-;4
2021-06-27 00:00:00;59.0;2021;6;27;132;-;-;4
2021-06-28 00:00:00;54.0;2021;6;28;132;-;-;4
2021-06-29 00:00:00;48.0;2021;6;29;132;-;-;4
2021-06-30 00:00:00;54.0;2021;6;30;132;-;-;4
2021-6-31 00:00:00;;2021;6;31;132;-;-;4
2021-07-01 00:00:00;48.0;2021;7;1;133;2021 7 1;2021 7 7;1
2021-07-02 00:00:00;47.0;2021;7;2;133;-;-;1
2021-07-03 00:00:00;38.0;2021;7;3;133;-;-;1
2021-07-04 00:00:00;41.0;2021;7;4;133;-;-;1
2021-07-05 00:00:00;52.0;2021;7;5;133;-;-;1
2021-07-06 00:00:00;53.0;2021;7;6;133;-;-;1
2021-07-07 00:00:00;52.0;2021;7;7;133;-;-;1
2021-07-08 00:00:00;60.0;2021;7;8;134;2021 7 8;2021 7 14;2
2021-07-09 00:00:00;55.0;2021;7;9;134;-;-;2
2021-07-10 00:00:00;52.0;2021;7;10;134;-;-;2
2021-07-11 00:00:00;49.0;2021;7;11;134;-;-;2
2021-07-12 00:00:00;50.0;2021;7;12;134;-;-;2
2021-07-13 00:00:00;51.0;2021;7;13;134;-;-;2
2021-07-14 00:00:00;49.0;2021;7;14;134;-;-;2
2021-07-15 00:00:00;47.0;2021;7;15;135;2021 7 15;2021 7 21;3
2021-07-16 00:00:00;48.0;2021;7;16;135;-;-;3
2021-07-17 00:00:00;46.0;2021;7;17;135;-;-;3
2021-07-18 00:00:00;46.0;2021;7;18;135;-;-;3
2021-07-19 00:00:00;47.0;2021;7;19;135;-;-;3
2021-07-20 00:00:00;43.0;2021;7;20;135;-;-;3
2021-07-21 00:00:00;40.0;2021;7;21;135;-;-;3
2021-07-22 00:00:00;36.0;2021;7;22;136;2021 7 22;2021 7 28;4
2021-07-23 00:00:00;40.0;2021;7;23;136;-;-;4
2021-07-24 00:00:00;40.0;2021;7;24;136;-;-;4
2021-07-25 00:00:00;47.0;2021;7;25;136;-;-;4
2021-07-26 00:00:00;47.0;2021;7;26;136;-;-;4
2021-07-27 00:00:00;47.0;2021;7;27;136;-;-;4
2021-07-28 00:00:00;43.0;2021;7;28;136;-;-;4
2021-07-29 00:00:00;46.0;2021;7;29;137;2021 7 29;2021 8 4;1
2021-07-30 00:00:00;47.0;2021;7;30;137;-;-;1
2021-07-31 00:00:00;47.0;2021;7;31;137;-;-;1
2021-08-01 00:00:00;45.0;2021;8;1;137;-;-;1
2021-08-02 00:00:00;46.0;2021;8;2;137;-;-;1
2021-08-03 00:00:00;47.0;2021;8;3;137;-;-;1
2021-08-04 00:00:00;51.0;2021;8;4;137;-;-;1
2021-08-05 00:00:00;53.0;2021;8;5;138;2021 8 5;2021 8 11;2
2021-08-06 00:00:00;52.0;2021;8;6;138;-;-;2
2021-08-07 00:00:00;51.0;2021;8;7;138;-;-;2
2021-08-08 00:00:00;50.0;2021;8;8;138;-;-;2
2021-08-09 00:00:00;44.0;2021;8;9;138;-;-;2
2021-08-10 00:00:00;42.0;2021;8;10;138;-;-;2
2021-08-11 00:00:00;39.0;2021;8;11;138;-;-;2
2021-08-12 00:00:00;37.0;2021;8;12;139;2021 8 12;2021 8 18;3
2021-08-13 00:00:00;42.0;2021;8;13;139;-;-;3
2021-08-14 00:00:00;39.0;2021;8;14;139;-;-;3
2021-08-15 00:00:00;39.0;2021;8;15;139;-;-;3
2021-08-16 00:00:00;40.0;2021;8;16;139;-;-;3
2021-08-17 00:00:00;43.0;2021;8;17;139;-;-;3
2021-08-18 00:00:00;42.0;2021;8;18;139;-;-;3
2021-08-19 00:00:00;42.0;2021;8;19;140;2021 8 19;2021 8 25;4
2021-08-20 00:00:00;43.0;2021;8;20;140;-;-;4
2021-08-21 00:00:00;45.0;2021;8;21;140;-;-;4
2021-08-22 00:00:00;45.0;2021;8;22;140;-;-;4
2021-08-23 00:00:00;48.0;2021;8;23;140;-;-;4
2021-08-24 00:00:00;48.0;2021;8;24;140;-;-;4
2021-08-25 00:00:00;45.0;2021;8;25;140;-;-;4
2021-08-26 00:00:00;44.0;2021;8;26;141;2021 8 26;2021 9 1;1
2021-08-27 00:00:00;43.0;2021;8;27;141;-;-;1
2021-08-28 00:00:00;43.0;2021;8;28;141;-;-;1
2021-08-29 00:00:00;43.0;2021;8;29;141;-;-;1
2021-08-30 00:00:00;45.0;2021;8;30;141;-;-;1
2021-08-31 00:00:00;48.0;2021;8;31;141;-;-;1
2021-09-01 00:00:00;109.0;2021;9;1;141;-;-;1
2021-09-02 00:00:00;123.0;2021;9;2;142;2021 9 2;2021 9 8;2
2021-09-03 00:00:00;78.0;2021;9;3;142;-;-;2
2021-09-04 00:00:00;57.0;2021;9;4;142;-;-;2
2021-09-05 00:00:00;52.0;2021;9;5;142;-;-;2
2021-09-06 00:00:00;42.0;2021;9;6;142;-;-;2
2021-09-07 00:00:00;47.0;2021;9;7;142;-;-;2
2021-09-08 00:00:00;53.0;2021;9;8;142;-;-;2
2021-09-09 00:00:00;49.0;2021;9;9;143;2021 9 9;2021 9 15;3
2021-09-10 00:00:00;49.0;2021;9;10;143;-;-;3
2021-09-11 00:00:00;44.0;2021;9;11;143;-;-;3
2021-09-12 00:00:00;46.0;2021;9;12;143;-;-;3
2021-09-13 00:00:00;45.0;2021;9;13;143;-;-;3
2021-09-14 00:00:00;46.0;2021;9;14;143;-;-;3
2021-09-15 00:00:00;52.0;2021;9;15;143;-;-;3
2021-09-16 00:00:00;51.0;2021;9;16;144;2021 9 16;2021 9 22;4
2021-09-17 00:00:00;48.0;2021;9;17;144;-;-;4
2021-09-18 00:00:00;41.0;2021;9;18;144;-;-;4
2021-09-19 00:00:00;43.0;2021;9;19;144;-;-;4
2021-09-20 00:00:00;40.0;2021;9;20;144;-;-;4
2021-09-21 00:00:00;39.0;2021;9;21;144;-;-;4
2021-09-22 00:00:00;36.0;2021;9;22;144;-;-;4
2021-09-23 00:00:00;39.0;2021;9;23;145;2021 9 23;2021 9 29;1
2021-09-24 00:00:00;37.0;2021;9;24;145;-;-;1
2021-09-25 00:00:00;43.0;2021;9;25;145;-;-;1
2021-09-26 00:00:00;52.0;2021;9;26;145;-;-;1
2021-09-27 00:00:00;48.0;2021;9;27;145;-;-;1
2021-09-28 00:00:00;45.0;2021;9;28;145;-;-;1
2021-09-29 00:00:00;41.0;2021;9;29;145;-;-;1
2021-09-30 00:00:00;36.0;2021;9;30;146;2021 9 30;2021 10 5;2
2021-9-31 00:00:00;;2021;9;31;146;-;-;2
2021-10-01 00:00:00;36.0;2021;10;1;146;-;-;2
2021-10-02 00:00:00;36.0;2021;10;2;146;-;-;2
2021-10-03 00:00:00;36.0;2021;10;3;146;-;-;2
2021-10-04 00:00:00;42.0;2021;10;4;146;-;-;2
2021-10-05 00:00:00;38.0;2021;10;5;146;-;-;2
2021-10-06 00:00:00;41.0;2021;10;6;147;2021 10 6;2021 10 12;3
2021-10-07 00:00:00;39.0;2021;10;7;147;-;-;3
2021-10-08 00:00:00;36.0;2021;10;8;147;-;-;3
2021-10-09 00:00:00;35.0;2021;10;9;147;-;-;3
2021-10-10 00:00:00;35.0;2021;10;10;147;-;-;3
2021-10-11 00:00:00;35.0;2021;10;11;147;-;-;3
2021-10-12 00:00:00;33.0;2021;10;12;147;-;-;3
2021-10-13 00:00:00;34.0;2021;10;13;148;2021 10 13;2021 10 19;4
2021-10-14 00:00:00;30.0;2021;10;14;148;-;-;4
2021-10-15 00:00:00;32.0;2021;10;15;148;-;-;4
2021-10-16 00:00:00;31.0;2021;10;16;148;-;-;4
2021-10-17 00:00:00;32.0;2021;10;17;148;-;-;4
2021-10-18 00:00:00;32.0;2021;10;18;148;-;-;4
2021-10-19 00:00:00;28.0;2021;10;19;148;-;-;4
2021-10-20 00:00:00;30.0;2021;10;20;149;2021 10 20;2021 10 26;1
2021-10-21 00:00:00;28.0;2021;10;21;149;-;-;1
2021-10-22 00:00:00;28.0;2021;10;22;149;-;-;1
2021-10-23 00:00:00;28.0;2021;10;23;149;-;-;1
2021-10-24 00:00:00;28.0;2021;10;24;149;-;-;1
2021-10-25 00:00:00;28.0;2021;10;25;149;-;-;1
2021-10-26 00:00:00;28.0;2021;10;26;149;-;-;1
2021-10-27 00:00:00;28.0;2021;10;27;150;2021 10 27;2021 11 2;2
2021-10-28 00:00:00;28.0;2021;10;28;150;-;-;2
2021-10-29 00:00:00;28.0;2021;10;29;150;-;-;2
2021-10-30 00:00:00;30.0;2021;10;30;150;-;-;2
2021-10-31 00:00:00;32.0;2021;10;31;150;-;-;2
2021-11-01 00:00:00;37.0;2021;11;1;150;-;-;2
2021-11-02 00:00:00;41.0;2021;11;2;150;-;-;2
2021-11-03 00:00:00;41.0;2021;11;3;151;2021 11 3;2021 11 9;3
2021-11-04 00:00:00;50.0;2021;11;4;151;-;-;3
2021-11-05 00:00:00;47.0;2021;11;5;151;-;-;3
2021-11-06 00:00:00;47.0;2021;11;6;151;-;-;3
2021-11-07 00:00:00;80.0;2021;11;7;151;-;-;3
2021-11-08 00:00:00;67.0;2021;11;8;151;-;-;3
2021-11-09 00:00:00;57.0;2021;11;9;151;-;-;3
2021-11-10 00:00:00;50.0;2021;11;10;152;2021 11 10;2021 11 16;4
2021-11-11 00:00:00;42.0;2021;11;11;152;-;-;4
2021-11-12 00:00:00;33.0;2021;11;12;152;-;-;4
2021-11-13 00:00:00;31.0;2021;11;13;152;-;-;4
2021-11-14 00:00:00;30.0;2021;11;14;152;-;-;4
2021-11-15 00:00:00;35.0;2021;11;15;152;-;-;4
2021-11-16 00:00:00;49.0;2021;11;16;152;-;-;4
2021-11-17 00:00:00;60.0;2021;11;17;153;2021 11 17;2021 11 23;1
2021-11-18 00:00:00;61.0;2021;11;18;153;-;-;1
2021-11-19 00:00:00;58.0;2021;11;19;153;-;-;1
2021-11-20 00:00:00;52.0;2021;11;20;153;-;-;1
2021-11-21 00:00:00;50.0;2021;11;21;153;-;-;1
2021-11-22 00:00:00;49.0;2021;11;22;153;-;-;1
2021-11-23 00:00:00;57.0;2021;11;23;153;-;-;1
2021-11-24 00:00:00;87.0;2021;11;24;154;2021 11 24;2021 11 30;2
2021-11-25 00:00:00;89.0;2021;11;25;154;-;-;2
2021-11-26 00:00:00;178.0;2021;11;26;154;-;-;2
2021-11-27 00:00:00;209.0;2021;11;27;154;-;-;2
2021-11-28 00:00:00;319.0;2021;11;28;154;-;-;2
2021-11-29 00:00:00;462.0;2021;11;29;154;-;-;2
2021-11-30 00:00:00;819.0;2021;11;30;154;-;-;2
2021-11-31 00:00:00;;2021;11;31;155;2021 11 31;2021 12 6;3
2021-12-01 00:00:00;1204.0;2021;12;1;155;-;-;3
2021-12-02 00:00:00;770.0;2021;12;2;155;-;-;3
2021-12-03 00:00:00;822.0;2021;12;3;155;-;-;3
2021-12-04 00:00:00;797.0;2021;12;4;155;-;-;3
2021-12-05 00:00:00;725.0;2021;12;5;155;-;-;3
2021-12-06 00:00:00;1057.0;2021;12;6;155;-;-;3
2021-12-07 00:00:00;1091.0;2021;12;7;156;2021 12 7;2021 12 13;4
2021-12-08 00:00:00;1064.0;2021;12;8;156;-;-;4
2021-12-09 00:00:00;1191.0;2021;12;9;156;-;-;4
2021-12-10 00:00:00;1357.0;2021;12;10;156;-;-;4
2021-12-11 00:00:00;2478.0;2021;12;11;156;-;-;4
2021-12-12 00:00:00;2569.0;2021;12;12;156;-;-;4
2021-12-13 00:00:00;1659.0;2021;12;13;156;-;-;4
2021-12-14 00:00:00;1011.0;2021;12;14;157;2021 12 14;2021 12 20;1
2021-12-15 00:00:00;692.0;2021;12;15;157;-;-;1
2021-12-16 00:00:00;557.0;2021;12;16;157;-;-;1
2021-12-17 00:00:00;489.0;2021;12;17;157;-;-;1
2021-12-18 00:00:00;419.0;2021;12;18;157;-;-;1
2021-12-19 00:00:00;370.0;2021;12;19;157;-;-;1
2021-12-20 00:00:00;332.0;2021;12;20;157;-;-;1
2021-12-21 00:00:00;311.0;2021;12;21;158;2021 12 21;2021 12 27;2
2021-12-22 00:00:00;285.0;2021;12;22;158;-;-;2
2021-12-23 00:00:00;268.0;2021;12;23;158;-;-;2
2021-12-24 00:00:00;273.0;2021;12;24;158;-;-;2
2021-12-25 00:00:00;272.0;2021;12;25;158;-;-;2
2021-12-26 00:00:00;259.0;2021;12;26;158;-;-;2
2021-12-27 00:00:00;246.0;2021;12;27;158;-;-;2
2021-12-28 00:00:00;238.0;2021;12;28;159;2021 12 28;-;3
2021-12-29 00:00:00;228.0;2021;12;29;159;-;-;3
2021-12-30 00:00:00;219.0;2021;12;30;159;-;-;3
2021-12-31 00:00:00;215.0;2021;12;31;159;-;-;3
